{
  "location": [
    0.0,
    190.79981994628906,
    0.0
  ],
  "rotation_euler": [
    1.5707964897155762,
    -1.5099578831723193e-07,
    3.141592502593994
  ],
  "fov_deg": 50.0000002530119,
  "image_res": 256
}